name,name_norm,basic_part,count,example
ガード,ガード,ガード,324,"左右サイドガード亀裂溶接4ヶ所"
左サイドガード,左サイドガード,ガード,132,"左サイドガード脱着"
右サイドガード,右サイドガード,ガード,56,"右サイドガード折損部修正取付溶接"
サイドガード,サイドガード,ガード,36,"サイドガードマフラーカバー曲がり直し"
左右サイドガード,左右サイドガード,ガード,30,"左右サイドガード亀裂溶接4ヶ所"
マッドガード,マッドガード,ガード,7,"マッドガード加工"
右後ろサイドガード,右後ろサイドガード,ガード,4,"右後ろサイドガード溶接"
左後ろサイドガード,左後ろサイドガード,ガード,4,"左後ろサイドガードステー折損部落下防止ステー製作応急取付加工"
コーナーガード,コーナーガード,ガード,4,"コーナーガードリベット止め取付加工"
左マッドガード,左マッドガード,ガード,3,"左マッドガード取替修正"
右マッドガード,右マッドガード,ガード,2,"右マッドガード脱着"
バックガード,バックガード,ガード,2,"バックガード脱着2枚"
ガード塗装,ガード塗装,ガード,2,"左右サイドガード塗装"
左右フロントマッドガード,左右フロントマッドガード,ガード,2,"左右フロントマッドガードゴム取替加工"
右前サイドガード,右前サイドガード,ガード,2,"右前サイドガードステー折損溶接"
ステンサイドガード,ステンサイドガード,ガード,2,"ステンサイドガード折損修正ステン溶接2カ所"
ガード交換,ガード交換,ガード,2,"左フェンダーマッドガード交換"
左マットガード,左マットガード,ガード,1,"左マットガード脱着"
左前サイドガード,左前サイドガード,ガード,1,"左前サイドガードステー修正タップ掛けボルト取付"
バス型サイドガード,バス型サイドガード,ガード,1,"バス型サイドガードボルト取付"
ガードボルト取付,ガードボルト取付,ガード,1,"バス型サイドガードボルト取付"
右泥除けステンガード,右泥除けステンガード,ガード,1,"右泥除けステンガード枠折損部修正ステン溶接"
ガードピン取付,ガードピン取付,ガード,1,"左サイドガードピン取付"
耐熱ガード,耐熱ガード,ガード,1,"耐熱ガード切断脱着ステン溶接"
左右パイプサイドガード,左右パイプサイドガード,ガード,1,"左右パイプサイドガード6本製作取付加工"
右ステンサイドガード,右ステンサイドガード,ガード,1,"右ステンサイドガード3番ステー脱着"
ガード前,ガード前,ガード,1,"右サイドガード前３ヶ所亀裂溶接"
左後ろ泥除けガード,左後ろ泥除けガード,ガード,1,"左後ろ泥除けガード折損部修正ステン溶接"
ガード折損応急ステン穴,ガード折損応急ステン穴,ガード,1,"右後ろサイドガード折損応急ステン穴掘りステー制作取付加工"
ガード腐食部分,ガード腐食部分,ガード,1,"左サイドガード腐食部分３ヶ所パイプ切替加工溶接"
左前ステンサイドガード,左前ステンサイドガード,ガード,1,"左前ステンサイドガード折損修正ステン溶接"
スプラッシュガード,スプラッシュガード,ガード,1,"スプラッシュガード取替"
右配線ガード,右配線ガード,ガード,1,"右配線ガード脱着鈑金"
左ステンサイドガード,左ステンサイドガード,ガード,1,"左ステンサイドガードステー折損修正溶接"
鳥居ガード,鳥居ガード,ガード,1,"鳥居ガードゴム表裏反転取付加工"
鳥居左右アルミガード,鳥居左右アルミガード,ガード,1,"鳥居左右アルミガード版破損部分鈑金アルミ板貼付加工"
ガードライトゲージコー,ガードライトゲージコー,ガード,1,"右サイドガードライトゲージコーナー製作取付溶接"
右アルミサイドガード,右アルミサイドガード,ガード,1,"右アルミサイドガードASSY取替加工"
右バス型サイドガード,右バス型サイドガード,ガード,1,"右バス型サイドガード脱着"
ガード突っ張り棒,ガード突っ張り棒,ガード,1,"左サイドガード突っ張り棒２本取替溶接"
左バス型サイドガード,左バス型サイドガード,ガード,1,"左バス型サイドガードステップボルト2本取替加工"
左ケーブルガード,左ケーブルガード,ガード,1,"左ケーブルガード脱着加工"
右ケーブルガード,右ケーブルガード,ガード,1,"右ケーブルガード脱着加工"
配線ガード,配線ガード,ガード,1,"配線ガード脱着"
ガード付替,ガード付替,ガード,1,"左サイドガード付替"
左右マッドガード,左右マッドガード,ガード,1,"左右マッドガード交換"
ガードASSY交換,ガードASSY交換,ガード,1,"右サイドガードASSY交換"
ガード鈑金塗装,ガード鈑金塗装,ガード,1,"サイドガード鈑金塗装"
左ステンレスサイドガード,左ステンレスサイドガード,ガード,1,"左ステンレスサイドガード脱着曲がり直し"
カバー,カバー,カバー,241,"安全ガラスアウターカバー脱着異音防止加工"
エンジンカバー,エンジンカバー,カバー,11,"エンジンカバー脱着"
カバー取付,カバー取付,カバー,10,"マフラーカバー取付"
カバー交換,カバー交換,カバー,10,"カバー交換"
アンダーカバー,アンダーカバー,カバー,9,"アンダーカバー取替"
コーナーカバー,コーナーカバー,カバー,8,"コーナーカバー取替"
タイヤハウスカバー,タイヤハウスカバー,カバー,7,"タイヤハウスカバー脱着"
エンドカバー,エンドカバー,カバー,7,"エンドカバー取替え"
マフラーカバー,マフラーカバー,カバー,6,"マフラーカバー取付"
左コーナーカバー,左コーナーカバー,カバー,5,"左コーナーカバー取替"
左ステップカバー,左ステップカバー,カバー,5,"左ステップカバー取替"
ガードカバー,ガードカバー,カバー,5,"ガードカバー"
フェンダーカバー,フェンダーカバー,カバー,5,"フェンダーカバー交換"
ホイールカバー,ホイールカバー,カバー,5,"ホイールカバー全軸脱着"
メッキカバー,メッキカバー,カバー,4,"メッキカバー取替"
メッキミラーカバー,メッキミラーカバー,カバー,3,"メッキミラーカバー付替え加工"
カバー付替え,カバー付替え,カバー,3,"フォグランプカバー付替え"
ァーストステップロアカバー,ァーストステップロアカバー,カバー,3,"左ファーストステップロアカバー取替"
シートカバー,シートカバー,カバー,2,"シートカバー修正取付加工"
サイドガードマフラーカバー,サイドガードマフラーカバー,カバー,2,"サイドガードマフラーカバー曲がり直し"
カバー曲がり直し,カバー曲がり直し,カバー,2,"サイドガードマフラーカバー曲がり直し"
フォグランプカバー,フォグランプカバー,カバー,2,"フォグランプカバー取替"
ステップカバー,ステップカバー,カバー,2,"ステップカバー取替"
カバー板金塗装,カバー板金塗装,カバー,2,"左観音扉コーナーカバー板金塗装"
カバーボルト,カバーボルト,カバー,2,"右ファーストステップカバーボルト２本取替"
リヤカバー,リヤカバー,カバー,2,"リヤカバー"
サイドセンサーカバー,サイドセンサーカバー,カバー,2,"サイドセンサーカバー取替"
安全ガラスアウターカバー,安全ガラスアウターカバー,カバー,1,"安全ガラスアウターカバー脱着異音防止加工"
リヤバンパーカバー,リヤバンパーカバー,カバー,1,"リヤバンパーカバー取付"
右コーナーカバー,右コーナーカバー,カバー,1,"右コーナーカバー取替"
シャフトカバー,シャフトカバー,カバー,1,"シャフトカバー脱着"
エンジンリアカバー,エンジンリアカバー,カバー,1,"エンジンリアカバー脱着8㎜ボルト2本取替"
ウィング支柱アルミカバー,ウィング支柱アルミカバー,カバー,1,"ウィング支柱アルミカバー脱着曲がり直しリベット打ち替え2本"
右フェンダーカバー,右フェンダーカバー,カバー,1,"右フェンダーカバー傷面取り仕上"
カバー傷面取り仕上,カバー傷面取り仕上,カバー,1,"右フェンダーカバー傷面取り仕上"
アルミセンターカバー,アルミセンターカバー,カバー,1,"アルミセンターカバー脱着鈑金塗装"
右エンジンカバー,右エンジンカバー,カバー,1,"右エンジンカバー"
フロントグリル化粧カバー,フロントグリル化粧カバー,カバー,1,"フロントグリル化粧カバー脱着"
フロントグリルメッキカバー,フロントグリルメッキカバー,カバー,1,"フロントグリルメッキカバー貼付"
カバー貼付,カバー貼付,カバー,1,"フロントグリルメッキカバー貼付"
断熱カバー,断熱カバー,カバー,1,"断熱カバー切断脱着溶接"
左サイドパネルメッキカバー,左サイドパネルメッキカバー,カバー,1,"左サイドパネルメッキカバー脱着清掃両面テープ貼替加工"
カバー接着貼付,カバー接着貼付,カバー,1,"カバー接着貼付"
リヤメンバーステンカバー,リヤメンバーステンカバー,カバー,1,"リヤメンバーステンカバー貼り付け加工"
左エンジンカバー,左エンジンカバー,カバー,1,"左エンジンカバー脱着"
アルミ接続カバー,アルミ接続カバー,カバー,1,"アルミ接続カバー脱着切断取外し"
センターバンパーカバー,センターバンパーカバー,カバー,1,"センターバンパーカバー"
リヤエンジンカバー,リヤエンジンカバー,カバー,1,"リヤエンジンカバーステー折損取付加工溶接"
サイドカバー,サイドカバー,カバー,1,"サイドカバー脱着"
リヤゲート下ステンカバー,リヤゲート下ステンカバー,カバー,1,"リヤゲート下ステンカバー修正ステン溶接"
スプリングカバー,スプリングカバー,カバー,1,"スプリングカバー取替"
乗降ハンドルカバー,乗降ハンドルカバー,カバー,1,"乗降ハンドルカバー"
アウターカバー,アウターカバー,カバー,1,"アウターカバー"
煽りドア後ろコーナーカバー,煽りドア後ろコーナーカバー,カバー,1,"右煽りドア後ろコーナーカバー脱着"
バッテリーカバー,バッテリーカバー,カバー,1,"バッテリーカバーポップアップナット取替加工2カ所"
インナーバンパーカバー,インナーバンパーカバー,カバー,1,"インナーバンパーカバー"
ドアメッキカバー,ドアメッキカバー,カバー,1,"ドアメッキカバー脱着付替え加工"
カバーインナーバンパー,カバーインナーバンパー,カバー,1,"エンドカバーインナーバンパーステイ取替修正"
フォグカバー,フォグカバー,カバー,1,"フォグカバー付替え"
カバー取り付け,カバー取り付け,カバー,1,"カバー取り付け"
右ドア後ろメッキカバー,右ドア後ろメッキカバー,カバー,1,"右ドア後ろメッキカバー取替"
マフラー防熱カバー,マフラー防熱カバー,カバー,1,"マフラー防熱カバー折れ込みボルト修理"
ハンドルカバー,ハンドルカバー,カバー,1,"ハンドルカバー"
マッドガードカバー,マッドガードカバー,カバー,1,"マッドガードカバー"
工具箱カバー,工具箱カバー,カバー,1,"工具箱カバー"
踊場右縞鋼板カバー,踊場右縞鋼板カバー,カバー,1,"踊場右縞鋼板カバー"
センサーカバー,センサーカバー,カバー,1,"センサーカバー"
テールパイプカバー,テールパイプカバー,カバー,1,"テールパイプカバー"
ロアカバー,ロアカバー,カバー,1,"ロアカバー"
ゴム,ゴム,ゴム,175,"ウェザーストリップゴム取替"
左右泥除けゴム,左右泥除けゴム,ゴム,15,"左右泥除けゴム脱着ブラケット切断脱着曲がり直し付け替え溶接"
泥除けゴム,泥除けゴム,ゴム,13,"泥除けゴム化粧板脱着付替え加工"
ゴム交換,ゴム交換,ゴム,12,"タイコマフラー前後ステー脱着吊り下げゴム交換"
ウェザーストリップゴム,ウェザーストリップゴム,ゴム,7,"ウェザーストリップゴム取替"
ブッシュゴム,ブッシュゴム,ゴム,7,"ブッシュゴム貼替"
リヤ泥除けゴム,リヤ泥除けゴム,ゴム,7,"リヤ泥除けゴム取替"
右ドアーストリップゴム,右ドアーストリップゴム,ゴム,7,"右ドアーストリップゴム脱着"
アーチゴム,アーチゴム,ゴム,6,"アーチゴム取替加工"
グウェザーストリップゴム,グウェザーストリップゴム,ゴム,6,"右ウィングウェザーストリップゴム清掃点検"
ゴム取付,ゴム取付,ゴム,4,"リヤゲート戸当たりゴム取付"
左アーチゴム,左アーチゴム,ゴム,4,"左アーチゴム取替ステー曲がり直し"
戸当たりゴム,戸当たりゴム,ゴム,4,"戸当たりゴム脱着"
ストリップゴム,ストリップゴム,ゴム,4,"左右前後ウィングドアーストリップゴム接着材剝ぎ取り･ストリップゴム接着貼替"
プラットホームゴム,プラットホームゴム,ゴム,4,"プラットホームゴム3本取替加工"
ゴム貼付,ゴム貼付,ゴム,4,"ウィング左ウェザーストリップゴム貼付"
左ウェザーストリップゴム,左ウェザーストリップゴム,ゴム,3,"左ウェザーストリップゴム取替"
クッションゴム,クッションゴム,ゴム,3,"クッションゴム取替貼付２枚"
ゴム付替え,ゴム付替え,ゴム,3,"泥除けゴム付替え"
ろウェザーストリップゴム,ろウェザーストリップゴム,ゴム,3,"右ウィング後ろウェザーストリップゴム清掃貼替加工"
スプラッシュシールゴム,スプラッシュシールゴム,ゴム,3,"スプラッシュシールゴム取替"
敷ゴム,敷ゴム,ゴム,3,"敷ゴム貼替取替"
所ウェザーストリップゴム,所ウェザーストリップゴム,ゴム,3,"ウィング左右３ヶ所ウェザーストリップゴム貼り付け清掃"
左右アーチゴム,左右アーチゴム,ゴム,3,"左右アーチゴム取り換え"
スプラッシュゴム,スプラッシュゴム,ゴム,3,"スプラッシュゴム交換"
センター泥除けゴム,センター泥除けゴム,ゴム,2,"センター泥除けゴムブラケット取外し取替"
右リア泥除けゴム,右リア泥除けゴム,ゴム,2,"右リア泥除けゴム脱着"
ゴム付替,ゴム付替,ゴム,2,"アーチゴム付替"
右泥除けゴム,右泥除けゴム,ゴム,2,"右泥除けゴム修正"
右後ろ泥除けゴム,右後ろ泥除けゴム,ゴム,2,"右後ろ泥除けゴム取替加工"
右ウェザーストリップゴム,右ウェザーストリップゴム,ゴム,2,"左右ウェザーストリップゴム取替加工"
フロントマッドガードゴム,フロントマッドガードゴム,ゴム,2,"左右フロントマッドガードゴム取替加工"
ドウェザーストリップゴム,ドウェザーストリップゴム,ゴム,2,"リッドウェザーストリップゴム取替"
アウェザーストリップゴム,アウェザーストリップゴム,ゴム,2,"右ドアウェザーストリップゴム交換スカッフプレート脱着"
左リヤ泥除けゴム,左リヤ泥除けゴム,ゴム,2,"左リヤ泥除けゴム取付"
鋼板ブッシュゴム,鋼板ブッシュゴム,ゴム,1,"鋼板ブッシュゴム張替加工"
ゴム貼替,ゴム貼替,ゴム,1,"ブッシュゴム貼替"
左右戸当たりゴム,左右戸当たりゴム,ゴム,1,"左右戸当たりゴム取付加工"
左後ろ泥除けゴム,左後ろ泥除けゴム,ゴム,1,"左後ろ泥除けゴム溶接"
左泥除けゴム,左泥除けゴム,ゴム,1,"左泥除けゴム取替"
ゴムスプリング鉄板穴,ゴムスプリング鉄板穴,ゴム,1,"左右中古アーチゴムスプリング鉄板穴掘り12カ所加工"
ゴム接着貼付,ゴム接着貼付,ゴム,1,"右観音扉ストリップゴム接着貼付"
ングドアーストリップゴム,ングドアーストリップゴム,ゴム,1,"左右前後ウィングドアーストリップゴム接着材剝ぎ取り･ストリップゴム接着貼替"
ゴム接着貼替,ゴム接着貼替,ゴム,1,"左右前後ウィングドアーストリップゴム接着材剝ぎ取り･ストリップゴム接着貼替"
ズック入り平ゴム,ズック入り平ゴム,ゴム,1,"5㎜ズック入り平ゴム１枚"
ンタープラットホームゴム,ンタープラットホームゴム,ゴム,1,"右センタープラットホームゴム取替"
他ゴム,他ゴム,ゴム,1,"他ゴム脱着"
観音扉枠ゴム,観音扉枠ゴム,ゴム,1,"観音扉枠ゴム修正"
ブラケットクッションゴム,ブラケットクッションゴム,ゴム,1,"タンクブラケットクッションゴム貼替接着脱着"
左側フロント泥除けゴム,左側フロント泥除けゴム,ゴム,1,"左側フロント泥除けゴム取替加工"
ゴム取り外し,ゴム取り外し,ゴム,1,"泥除けゴム取り外し"
ェンダースプラッシュゴム,ェンダースプラッシュゴム,ゴム,1,"アッパーフェンダースプラッシュゴム脱着貼り付け加工"
ゴム貼り付け清掃,ゴム貼り付け清掃,ゴム,1,"ウィング左右３ヶ所ウェザーストリップゴム貼り付け清掃"
ゴム清掃点検,ゴム清掃点検,ゴム,1,"右ウィングウェザーストリップゴム清掃点検"
ゴム取り換え,ゴム取り換え,ゴム,1,"左右アーチゴム取り換え"
左前泥除けゴム,左前泥除けゴム,ゴム,1,"左前泥除けゴム取替加工"
左右エプロンゴム,左右エプロンゴム,ゴム,1,"左右エプロンゴム取付"
防振ゴム,防振ゴム,ゴム,1,"防振ゴム取替"
ゴム組替,ゴム組替,ゴム,1,"ウェザーストリップゴム組替"
鳥居ガードゴム,鳥居ガードゴム,ゴム,1,"鳥居ガードゴム表裏反転取付加工"
右アーチゴム,右アーチゴム,ゴム,1,"右アーチゴム取替"
左右リヤタレゴム,左右リヤタレゴム,ゴム,1,"左右リヤタレゴムガードフレーム製作取付"
エプロンゴム,エプロンゴム,ゴム,1,"エプロンゴム取替え"
後ウェザーストリップゴム,後ウェザーストリップゴム,ゴム,1,"右ウィング前後ウェザーストリップゴム清掃貼り付け修理2カ所"
右ドアストリップゴム,右ドアストリップゴム,ゴム,1,"右ドアストリップゴム脱着修正"
扉ウェザーストリップゴム,扉ウェザーストリップゴム,ゴム,1,"左右観音扉ウェザーストリップゴム取替加工"
左スプラッシュシールゴム,左スプラッシュシールゴム,ゴム,1,"左スプラッシュシールゴム交換"
ゴム清掃貼り付け,ゴム清掃貼り付け,ゴム,1,"右前ウィングウェザーストリップゴム清掃貼り付け"
可動パネルクッションゴム,可動パネルクッションゴム,ゴム,1,"1階右フロアー可動パネルクッションゴム取り付け部製作加工"
左右当たりゴム,左右当たりゴム,ゴム,1,"左右当たりゴム取外し加工"
シート,シート,シート,111,"右ウイングシート下側脱着張替"
ドライバーシート,ドライバーシート,シート,37,"ドライバーシートassy脱着"
スプリングシート,スプリングシート,シート,31,"スプリングシート4箇所亀裂カット溶接"
センターシート,センターシート,シート,6,"センターシート雨漏れ補修"
ウィングシート,ウィングシート,シート,3,"ウィングシート破れ部分補修シート貼付コーキング止め6か所"
シート交換,シート交換,シート,3,"ドライバーシート交換"
ウィングセンターシート,ウィングセンターシート,シート,2,"ウィングセンターシート前側破損部分補修テープ貼付2枚コーキング処理"
シートASSY交換,シートASSY交換,シート,2,"ドライバーシートASSY交換"
コボレーンシート,コボレーンシート,シート,2,"コボレーンシート押え脱着"
シート点検,シート点検,シート,2,"センターシート点検"
右ウイングシート,右ウイングシート,シート,1,"右ウイングシート下側脱着張替"
破れ部分補修シート,破れ部分補修シート,シート,1,"ウィングシート破れ部分補修シート貼付コーキング止め6か所"
右前ウイングシート,右前ウイングシート,シート,1,"右前ウイングシート幌骨パイプ切替溶接"
ウイングシート,ウイングシート,シート,1,"ウイングシートあまもれ点検"
シートあまもれ点検,シートあまもれ点検,シート,1,"ウイングシートあまもれ点検"
シート袋水抜き補修,シート袋水抜き補修,シート,1,"シート袋水抜き補修"
シート雨漏れ補修,シート雨漏れ補修,シート,1,"センターシート雨漏れ補修"
シート前後補修修理,シート前後補修修理,シート,1,"センターシート前後補修修理"
ウィング幌シート,ウィング幌シート,シート,1,"ウィング幌シート雨漏れ点検6カ所補修テープ貼付"
リヤシート,リヤシート,シート,1,"リヤシート掛けパイプ差込ステンブラケット２個製作穴掘りボルト止め加工"
右前ウィングシート,右前ウィングシート,シート,1,"右前ウィングシート脱着"
シートクッション交換,シートクッション交換,シート,1,"ドライバーシートクッション交換"
シートカバー付替え,シートカバー付替え,シート,1,"シートカバー付替え"
シート肘掛け交換,シート肘掛け交換,シート,1,"2月20日ドライバーシート肘掛け交換"
左コボレーンシート,左コボレーンシート,シート,1,"左コボレーンシート1部脱着"
鳥居シート,鳥居シート,シート,1,"鳥居シート載せ左右亀裂溶接2ヶ所"
シート補修,シート補修,シート,1,"コボレーンシート補修"
右コボレーンシート,右コボレーンシート,シート,1,"右コボレーンシート脱着リベット打ち替え加工"
運転席側シート,運転席側シート,シート,1,"運転席側シートクッション取替"
シート雨漏れ点検,シート雨漏れ点検,シート,1,"ウィングセンターシート雨漏れ点検"
シート張替,シート張替,シート,1,"4tセンターシート張替"
ステー,ステー,ステー,353,"右ウイング枠骨ステー腐食部分切断付け替え溶接"
ステー曲がり直し,ステー曲がり直し,ステー,27,"反射板ステー曲がり直し"
左サイドガードステー,左サイドガードステー,ステー,15,"左サイドガードステー曲がり直し鈑金"
フェンダーステー,フェンダーステー,ステー,14,"フェンダーステー脱着折損部リブ入れ溶接"
右サイドガードステー,右サイドガードステー,ステー,12,"右サイドガードステー折損部修正リブ入れ溶接"
左右ステー,左右ステー,ステー,11,"左右ステー取替一式"
突っ張りステー,突っ張りステー,ステー,10,"突っ張りステー取替"
ステー鈑金,ステー鈑金,ステー,8,"右フレーム曲がり直しカプラーステー鈑金"
作業灯ステー,作業灯ステー,ステー,6,"作業灯ステー4本製作取付加工"
左ステー,左ステー,ステー,6,"左ステー制作取付"
工具箱ステー,工具箱ステー,ステー,6,"工具箱ステー左右切替加工溶接2本"
左右サイドガードステー,左右サイドガードステー,ステー,5,"左右サイドガードステー3本腐食折損部補強リブ取付加工溶接"
右ステー,右ステー,ステー,5,"右ステー穴掘り加工"
サイドガードステー,サイドガードステー,ステー,4,"サイドガードステー固定リブ制作取付加工"
左バンパーステー,左バンパーステー,ステー,4,"左バンパーステー取替"
左サイドガード後ろステー,左サイドガード後ろステー,ステー,4,"左サイドガード後ろステー折損部修正取付溶接"
ステー交換,ステー交換,ステー,4,"ステー交換"
左右バンパーステー,左右バンパーステー,ステー,3,"左右バンパーステー脱着曲がり直し"
ガードステー,ガードステー,ステー,3,"ガードステー脱着"
右工具箱ステー,右工具箱ステー,ステー,3,"右工具箱ステー腐食製作切断加工溶接"
バックランプステー,バックランプステー,ステー,3,"バックランプステー製作取替加工"
アンダーステー,アンダーステー,ステー,3,"アンダーステー脱着"
センターステー,センターステー,ステー,3,"センターステー脱着曲がり直し"
ブレ止めステー,ブレ止めステー,ステー,2,"ブレ止めステー製作取替加工"
リヤバンパーステー,リヤバンパーステー,ステー,2,"リヤバンパーステーボルト切断"
ステー制作取付,ステー制作取付,ステー,2,"左ステー制作取付"
ム曲がり直しカプラーステー,ム曲がり直しカプラーステー,ステー,2,"右フレーム曲がり直しカプラーステー鈑金"
折損ステー,折損ステー,ステー,2,"折損ステー取付リブ入れ溶接"
左後ろサイドガードステー,左後ろサイドガードステー,ステー,2,"左後ろサイドガードステー折損部落下防止ステー製作応急取付加工"
右ミラーステー,右ミラーステー,ステー,2,"右ミラーステー調整"
右サイドガード前ステー,右サイドガード前ステー,ステー,2,"右サイドガード前ステー脱着折損溶接補強材制作取付溶接"
スイッチステー,スイッチステー,ステー,2,"スイッチステー切断付替え加工"
右前サイドガードステー,右前サイドガードステー,ステー,2,"右前サイドガードステー折損溶接"
ステンロックスイッチステー,ステンロックスイッチステー,ステー,2,"左右ステンロックスイッチステー脱着Z曲げ加工リベット打ち替え6本"
左ハーネスステー,左ハーネスステー,ステー,2,"左ハーネスステー脱着"
ステー取付,ステー取付,ステー,2,"フラッシャーステー取付"
取付ステー,取付ステー,ステー,2,"取付ステー曲がり直し"
グリルステー,グリルステー,ステー,2,"グリルステー曲がり直し鈑金"
バンパーステー,バンパーステー,ステー,2,"バンパーステー引出し"
ステー引出し,ステー引出し,ステー,2,"バンパーステー引出し"
左ミラーステー,左ミラーステー,ステー,2,"左ミラーステー曲がり直し"
反射板ステー,反射板ステー,ステー,1,"反射板ステー曲がり直し"
コンデンサーステー,コンデンサーステー,ステー,1,"コンデンサーステー鈑金亀裂溶接"
タイヤ灯ステー,タイヤ灯ステー,ステー,1,"タイヤ灯ステー製作塗装取付溶接"
取付部分ステー,取付部分ステー,ステー,1,"取付部分ステー引出し修正"
右バンパーステー,右バンパーステー,ステー,1,"右バンパーステー修正"
風防補強ステー,風防補強ステー,ステー,1,"風防補強ステー溶接"
左前サイドガードステー,左前サイドガードステー,ステー,1,"左前サイドガードステー修正タップ掛けボルト取付"
グキャッチ受けステンステー,グキャッチ受けステンステー,ステー,1,"右前ウィングキャッチ受けステンステー脱着曲がり直し"
クッションステー,クッションステー,ステー,1,"クッションステー取替"
ステンステー,ステンステー,ステー,1,"ステンステー穴掘り6ミリリベット打ち３本"
ステー引出し鈑金,ステー引出し鈑金,ステー,1,"左サイドガードステー引出し鈑金"
延長ステー,延長ステー,ステー,1,"延長ステー左右取付"
ステー左右取付,ステー左右取付,ステー,1,"延長ステー左右取付"
アルミステー,アルミステー,ステー,1,"アルミステー製作取替加工"
横根太ステー,横根太ステー,ステー,1,"横根太ステー脱着"
ホースステー,ホースステー,ステー,1,"ホースステー切断リブ制作取付溶接"
右後ろサイドガードステー,右後ろサイドガードステー,ステー,1,"右後ろサイドガードステー折損部修正取付溶接"
左フェンダーステー,左フェンダーステー,ステー,1,"左フェンダーステー取付12ミリボルト2本ASSY取替"
パイプ取付ステー,パイプ取付ステー,ステー,1,"左右アウトリガーASSY取替加工･パイプ取付ステー左右切断製作取替溶接"
補強ステー,補強ステー,ステー,1,"補強ステー脱着修正"
左右看板ステー,左右看板ステー,ステー,1,"左右看板ステー2カ所切断取外し加工"
タイヤ灯ステンステー,タイヤ灯ステンステー,ステー,1,"タイヤ灯ステンステー折損部補強取付ステン溶接"
イドドアー上側ガイドステー,イドドアー上側ガイドステー,ステー,1,"左スライドドアー上側ガイドステー脱着取付"
下側ガイドステー,下側ガイドステー,ステー,1,"下側ガイドステー脱着"
ステップステー,ステップステー,ステー,1,"ステップステー脱着修正"
踊り場枠骨右ステー,踊り場枠骨右ステー,ステー,1,"踊り場枠骨右ステー脱着折損溶接補強材取付溶接"
左サイドガード前後ステー,左サイドガード前後ステー,ステー,1,"左サイドガード前後ステーパイプ2本腐食部分切断切替溶接"
左工具箱補強ステー,左工具箱補強ステー,ステー,1,"左工具箱補強ステー取付溶接"
ミラーステー,ミラーステー,ステー,1,"ミラーステー取替"
ステー折損カットステン,ステー折損カットステン,ステー,1,"ステー折損カットステン溶接仕上"
前左右反射板ステー,前左右反射板ステー,ステー,1,"前左右反射板ステー曲がり直し"
ボードアングルステンステー,ボードアングルステンステー,ステー,1,"ステンボードアングルステンステー穴掘り取替加工"
マフラーステー,マフラーステー,ステー,1,"マフラーステー2個制作取付加工"
バックカメラステー,バックカメラステー,ステー,1,"バックカメラステー制作取付加工"
折損応急ステン穴掘りステー,折損応急ステン穴掘りステー,ステー,1,"右後ろサイドガード折損応急ステン穴掘りステー制作取付加工"
踏板ステー,踏板ステー,ステー,1,"踏板ステー折損溶接1ヶ所"
ライトステー,ライトステー,ステー,1,"ライトステー鈑金"
左サイドガード前ステー,左サイドガード前ステー,ステー,1,"左サイドガード前ステー折損修正溶接"
フラッシャーステー,フラッシャーステー,ステー,1,"フラッシャーステー取付"
ステー取付部引出し,ステー取付部引出し,ステー,1,"ステー取付部引出し"
後ろステー,後ろステー,ステー,1,"後ろステー折損部修正補強取付加工"
左リヤ反射板ステー,左リヤ反射板ステー,ステー,1,"左リヤ反射板ステー塗装"
ステー塗装,ステー塗装,ステー,1,"左リヤ反射板ステー塗装"
左ステップステー,左ステップステー,ステー,1,"左ステップステー脱着修正"
フォグステー,フォグステー,ステー,1,"フォグステー鈑金"
コンデンサステー,コンデンサステー,ステー,1,"コンデンサステー脱着"
配線ステー,配線ステー,ステー,1,"配線ステー脱着"
メインステー,メインステー,ステー,1,"メインステー修正"
ヘッドライトステー,ヘッドライトステー,ステー,1,"ヘッドライトステー鈑金"
ラック左ステー,ラック左ステー,ステー,1,"ラック左ステー製作取替加工溶接"
ブラケットステー,ブラケットステー,ステー,1,"ブラケットステー脱着"
ステー組替,ステー組替,ステー,1,"ステー組替"
右前サイドバンパーステー,右前サイドバンパーステー,ステー,1,"右前サイドバンパーステー脱着折損修理"
右ウィングセンターステー,右ウィングセンターステー,ステー,1,"右ウィングセンターステー脱着曲がり直し"
サイドガード突っ張りステー,サイドガード突っ張りステー,ステー,1,"左右サイドガード突っ張りステー8カ所リブ入れ溶接"
インナーステー,インナーステー,ステー,1,"インナーステー脱着ボルト折れ込み取り換え修理"
アンダーミラーサイドステー,アンダーミラーサイドステー,ステー,1,"アンダーミラーサイドステー脱着修正"
コンパネ立てステー,コンパネ立てステー,ステー,1,"コンパネ立てステー穴掘り付替え修理"
パイプステー,パイプステー,ステー,1,"パイプステー交換"
左ステンサイドガードステー,左ステンサイドガードステー,ステー,1,"左ステンサイドガードステー折損修正溶接"
踊場枠骨ステー,踊場枠骨ステー,ステー,1,"踊場枠骨ステー脱着折損修正溶接"
エアタンクステー,エアタンクステー,ステー,1,"エアタンクステー取り付け部L曲げ鋼材製作取付溶接"
ロアステー,ロアステー,ステー,1,"ロアステー取替"
腐食突っ張りステー,腐食突っ張りステー,ステー,1,"腐食突っ張りステー1本製作取替加工溶接"
枠骨ステー,枠骨ステー,ステー,1,"枠骨ステー脱着穴埋め溶接ボルト穴製作加工"
中央ステー,中央ステー,ステー,1,"中央ステーボルト折れ込み修理"
架台ステー,架台ステー,ステー,1,"架台ステー曲がり直し"
右後ろ作業灯ステー,右後ろ作業灯ステー,ステー,1,"右後ろ作業灯ステー脱着"
ステー折損修理,ステー折損修理,ステー,1,"右サイドガードステー折損修理"
パイプ,パイプ,パイプ,158,"ヒーターパイプ応急溶接"
テールパイプ,テールパイプ,パイプ,23,"テールパイプ取替"
ジャバラパイプ,ジャバラパイプ,パイプ,14,"ジャバラパイプ脱着"
エキゾーストパイプ,エキゾーストパイプ,パイプ,4,"エキゾーストパイプ前側腐食切断パチ当て加工溶接"
サイドガードコーナーパイプ,サイドガードコーナーパイプ,パイプ,3,"サイドガードコーナーパイプ1本製作切替溶接"
パイプ交換,パイプ交換,パイプ,3,"テールパイプ交換"
ヒーターパイプ,ヒーターパイプ,パイプ,2,"ヒーターパイプ応急溶接"
折損パイプ,折損パイプ,パイプ,2,"折損パイプ取付溶接"
左ジャバラパイプ,左ジャバラパイプ,パイプ,2,"左ジャバラパイプガード脱着"
左サイドガードパイプ,左サイドガードパイプ,パイプ,2,"左サイドガードパイプ腐食部分切替加工溶接"
左幌骨パイプ,左幌骨パイプ,パイプ,2,"左幌骨パイプ腐食部分切断切替加工溶接"
通しパイプ,通しパイプ,パイプ,2,"通しパイプ切替鈑金"
パイプ切替鈑金,パイプ切替鈑金,パイプ,2,"通しパイプ切替鈑金"
チャージパイプ,チャージパイプ,パイプ,2,"チャージパイプ交換"
パイプカバー,パイプカバー,パイプ,2,"ジャバラパイプカバー"
フレキシブルパイプ,フレキシブルパイプ,パイプ,1,"フレキシブルパイプ取替"
サイドガードマフラーパイプ,サイドガードマフラーパイプ,パイプ,1,"右サイドガードマフラーパイプガード枠鈑金"
パイプガード枠鈑金,パイプガード枠鈑金,パイプ,1,"右サイドガードマフラーパイプガード枠鈑金"
支柱パイプ,支柱パイプ,パイプ,1,"支柱パイプ曲がり直し鈑金"
パイプ異音点検,パイプ異音点検,パイプ,1,"テールパイプ異音点検"
下側腐食部分パイプ,下側腐食部分パイプ,パイプ,1,"ジャバラパイプ下側腐食部分パイプ切替加工溶接"
パイプ曲がり直し,パイプ曲がり直し,パイプ,1,"パイプ曲がり直し"
パイプ差込ステンブラケ,パイプ差込ステンブラケ,パイプ,1,"リヤシート掛けパイプ差込ステンブラケット２個製作穴掘りボルト止め加工"
マフラーパイプ,マフラーパイプ,パイプ,1,"マフラーパイプカバー脱着"
エキブレパイプ,エキブレパイプ,パイプ,1,"エキブレパイプ脱着腐食ボルト切断取替"
右ジャバラパイプ,右ジャバラパイプ,パイプ,1,"右ジャバラパイプ下側腐食部分溶接"
左右パイプ,左右パイプ,パイプ,1,"左右パイプサイドガード6本製作取付加工"
幌骨パイプ,幌骨パイプ,パイプ,1,"幌骨パイプ入れリベット打ち替え"
ウォーターパイプ,ウォーターパイプ,パイプ,1,"ウォーターパイプ溶接"
ジョイントパイプ,ジョイントパイプ,パイプ,1,"ジョイントパイプ腐食切断取替加工2個"
左サイドガードステーパイプ,左サイドガードステーパイプ,パイプ,1,"左サイドガードステーパイプ腐食切断切替加工溶接2ヵ所"
ツッパリパイプ,ツッパリパイプ,パイプ,1,"ツッパリパイプ3本折損部修正取付溶接"
テープパイプ,テープパイプ,パイプ,1,"テープパイプ脱着"
冷却水パイプ,冷却水パイプ,パイプ,1,"冷却水パイプ穴埋め溶接"
左サイドガード折損パイプ,左サイドガード折損パイプ,パイプ,1,"左サイドガード折損パイプ切替加工溶接2本"
ロープフックステンパイプ,ロープフックステンパイプ,パイプ,1,"ロープフックステンパイプ取付ステン溶接"
ヶ所パイプ,ヶ所パイプ,パイプ,1,"左サイドガード腐食部分３ヶ所パイプ切替加工溶接"
煽りドア幌骨パイプ,煽りドア幌骨パイプ,パイプ,1,"煽りドア幌骨パイプ入れ2本脱着"
右パイプ,右パイプ,パイプ,1,"右パイプ腐食切替加工溶接"
パイプステー交換,パイプステー交換,パイプ,1,"パイプステー交換"
左右ジャバラパイプ,左右ジャバラパイプ,パイプ,1,"左右ジャバラパイプ取替"
中間パイプ,中間パイプ,パイプ,1,"中間パイプ穴埋め溶接2カ所"
パイプ折損修理,パイプ折損修理,パイプ,1,"アウトリガー左右補強パイプ折損修理"
巻き込み防止パイプ,巻き込み防止パイプ,パイプ,1,"巻き込み防止パイプ1本切替"
突っ張りパイプ,突っ張りパイプ,パイプ,1,"突っ張りパイプ切替"
パイプ切替,パイプ切替,パイプ,1,"突っ張りパイプ切替"
パイプ腐食部分鉄板張り,パイプ腐食部分鉄板張り,パイプ,1,"中間エキゾーストパイプ腐食部分鉄板張り修理"
エアーパイプ,エアーパイプ,パイプ,1,"エアーパイプ1本取替"
パネル,パネル,パネル,139,"サイドパネル引出し修正"
右コーナーパネル,右コーナーパネル,パネル,31,"右コーナーパネル取替取付部分引出し修正"
左コーナーパネル,左コーナーパネル,パネル,27,"左コーナーパネル取替"
コーナーパネル,コーナーパネル,パネル,12,"コーナーパネル脱着"
パネル鈑金,パネル鈑金,パネル,10,"フロアーパネル鈑金"
左ドアパネル,左ドアパネル,パネル,8,"左ドアパネルASSY取替"
パネル交換,パネル交換,パネル,8,"右コーナーパネル交換"
パネル引出し鈑金,パネル引出し鈑金,パネル,6,"パネル引出し鈑金"
ウィンドシールドロアパネル,ウィンドシールドロアパネル,パネル,6,"ウィンドシールドロアパネル修正錆"
フロアーパネル,フロアーパネル,パネル,5,"フロアーパネル鈑金"
パネルASSY交換,パネルASSY交換,パネル,5,"左ドアーパネルASSY交換"
インナーパネル,インナーパネル,パネル,4,"インナーパネル錆止め塗装"
右ドアパネル,右ドアパネル,パネル,4,"右ドアパネルASSY交換"
右ドアーパネル,右ドアーパネル,パネル,3,"右ドアーパネル付替"
左右コーナーパネル,左右コーナーパネル,パネル,3,"左右コーナーパネル取替"
パネル引出し,パネル引出し,パネル,3,"左右サイドインシールパネル引出し"
左サイドパネル,左サイドパネル,パネル,2,"左サイドパネル取替加工"
サイドインナーシールパネル,サイドインナーシールパネル,パネル,2,"右サイドインナーシールパネル応急引出し鈑金"
右ステップパネル,右ステップパネル,パネル,2,"右ステップパネル応急引出し"
パネルカバー取付,パネルカバー取付,パネル,2,"左コーナーパネルカバー取付"
サイドパネル,サイドパネル,パネル,1,"サイドパネル引出し修正"
パネル錆止め塗装,パネル錆止め塗装,パネル,1,"インナーパネル錆止め塗装"
ドアパネル,ドアパネル,パネル,1,"ドアパネル捻じれ直し"
パネル捻じれ直し,パネル捻じれ直し,パネル,1,"ドアパネル捻じれ直し"
パネル付替,パネル付替,パネル,1,"右ドアーパネル付替"
ボデーリヤパネル,ボデーリヤパネル,パネル,1,"ボデーリヤパネル下側腐食部分切替加工溶接"
パネル曲がり直し,パネル曲がり直し,パネル,1,"右コーナーパネル曲がり直し"
左右サイドインシールパネル,左右サイドインシールパネル,パネル,1,"左右サイドインシールパネル引出し"
左右ドアパネル,左右ドアパネル,パネル,1,"左右ドアパネル鈑金"
ロアパネル,ロアパネル,パネル,1,"ロアパネル鈑金"
パネル応急引出し,パネル応急引出し,パネル,1,"右ステップパネル応急引出し"
左ドアーパネル,左ドアーパネル,パネル,1,"左ドアーパネルASSY交換"
ダッシュフロントパネル,ダッシュフロントパネル,パネル,1,"ダッシュフロントパネル切断鈑金"
パネルASSY組替,パネルASSY組替,パネル,1,"右ドアパネルASSY組替"
右インナーシールパネル,右インナーシールパネル,パネル,1,"右インナーシールパネル取替"
パネル組替,パネル組替,パネル,1,"右ドアーパネル組替"
インナーシールサイドパネル,インナーシールサイドパネル,パネル,1,"右インナーシールサイドパネル交換"
コールゲートパネル,コールゲートパネル,パネル,1,"コールゲートパネル応急処置"
パネル応急処置,パネル応急処置,パネル,1,"コールゲートパネル応急処置"
パネルクッションゴム取,パネルクッションゴム取,パネル,1,"1階右フロアー可動パネルクッションゴム取り付け部製作加工"
パネル内側鈑金,パネル内側鈑金,パネル,1,"右ドアパネル内側鈑金"
バンパー,バンパー,バンパー,251,"フロントバンパー右異音点検"
リヤバンパー,リヤバンパー,バンパー,52,"リヤバンパー修正鈑金加工"
インナーバンパー,インナーバンパー,バンパー,47,"インナーバンパー付替"
フロントバンパー,フロントバンパー,バンパー,28,"フロントバンパー右異音点検"
左バンパー,左バンパー,バンパー,21,"左バンパー付替"
バンパー付替,バンパー付替,バンパー,10,"フロントバンパー付替"
バンパー鈑金,バンパー鈑金,バンパー,9,"メッキセンターバンパー鈑金"
バンパー組替,バンパー組替,バンパー,9,"インナーバンパー組替"
右バンパー,右バンパー,バンパー,8,"右バンパーフィニッシャー取替"
サイドバンパー,サイドバンパー,バンパー,8,"サイドバンパー溶接"
バンパー交換,バンパー交換,バンパー,8,"フロントバンパー交換"
リヤステップバンパー,リヤステップバンパー,バンパー,7,"リヤステップバンパーASSY取替"
左サイドバンパー,左サイドバンパー,バンパー,7,"左サイドバンパー折損部15Aパイプ取付加工溶接2本"
左右バンパー,左右バンパー,バンパー,6,"左右バンパーステー脱着曲がり直し"
ステップバンパー,ステップバンパー,バンパー,4,"ステップバンパーボルト取替"
バンパー曲がり直し,バンパー曲がり直し,バンパー,4,"リヤバンパー曲がり直し"
バンパーカバー,バンパーカバー,バンパー,4,"センターバンパーカバー"
右サイドバンパー,右サイドバンパー,バンパー,3,"右サイドバンパー折損部修正補強材取付溶接"
バンパー引出し鈑金,バンパー引出し鈑金,バンパー,3,"インナーバンパー引出し鈑金"
バンパー引出し,バンパー引出し,バンパー,3,"インナーバンパー引出し"
左右コーナーバンパー,左右コーナーバンパー,バンパー,2,"左右コーナーバンパー取替"
左右サイドバンパー,左右サイドバンパー,バンパー,2,"左右サイドバンパー折損補強取り付け溶接2ヶ所"
センターバンパー,センターバンパー,バンパー,2,"センターバンパー曲がり直し"
バンパーステー引出し,バンパーステー引出し,バンパー,2,"バンパーステー引出し"
右前サイドバンパー,右前サイドバンパー,バンパー,2,"右前サイドバンパーステー脱着折損修理"
バンパーASSY交換,バンパーASSY交換,バンパー,2,"バンパーASSY交換"
散水車フロントバンパー,散水車フロントバンパー,バンパー,2,"散水車フロントバンパー前側配管取付加工（部品持ち込み）"
バンパー応急引出し,バンパー応急引出し,バンパー,2,"バンパー応急引出し"
バンパー右異音点検,バンパー右異音点検,バンパー,1,"フロントバンパー右異音点検"
バンパーグリル付替,バンパーグリル付替,バンパー,1,"バンパーグリル付替"
バンパーカバー取付,バンパーカバー取付,バンパー,1,"リヤバンパーカバー取付"
左右リヤバンパー,左右リヤバンパー,バンパー,1,"左右リヤバンパーステーカバー制作取付溶接"
メッキフロントバンパー,メッキフロントバンパー,バンパー,1,"メッキフロントバンパー付替"
フロントインナーバンパー,フロントインナーバンパー,バンパー,1,"フロントインナーバンパー取替一式"
アルミリヤバンパー,アルミリヤバンパー,バンパー,1,"アルミリヤバンパー修正"
メッキセンターバンパー,メッキセンターバンパー,バンパー,1,"メッキセンターバンパー鈑金"
フロントエアダムバンパー,フロントエアダムバンパー,バンパー,1,"フロントエアダムバンパー組み上げ取替"
左側バンパー,左側バンパー,バンパー,1,"左側バンパーフィニッシャー脱着"
フレームバンパー,フレームバンパー,バンパー,1,"フレームバンパー修正"
右リヤバンパー,右リヤバンパー,バンパー,1,"右リヤバンパーステー切断曲がり直し溶接"
バンパーグリル交換,バンパーグリル交換,バンパー,1,"バンパーグリル交換"
バンパー交換一式,バンパー交換一式,バンパー,1,"バンパー交換一式"
バンパー部品組替,バンパー部品組替,バンパー,1,"右バンパー部品組替"
サイドガードコーナーバンパー,サイドガードコーナーバンパー,バンパー,1,"左サイドガードコーナーバンパー3本製作切替加工溶接"
左リヤバンパー,左リヤバンパー,バンパー,1,"左リヤバンパーステイ腐食部分補強取付加工"
バンパー補修,バンパー補修,バンパー,1,"リヤバンパー補修"
アルミバンパー,アルミバンパー,バンパー,1,"アルミバンパーASSY交換"
エンドカバーインナーバンパー,エンドカバーインナーバンパー,バンパー,1,"エンドカバーインナーバンパーステイ取替修正"
バンパー腐食部分,バンパー腐食部分,バンパー,1,"左右サイドバンパー腐食部分３ヶ所補強取付溶接"
バンパーステイ交換,バンパーステイ交換,バンパー,1,"バンパーステイ交換"
バンパー取付,バンパー取付,バンパー,1,"リヤバンパー取付"
可動リヤバンパー,可動リヤバンパー,バンパー,1,"可動リヤバンパーシリンダー応急取付溶接"
バンパー折損鈑金修理,バンパー折損鈑金修理,バンパー,1,"リヤバンパー折損鈑金修理"
フロンバンパー,フロンバンパー,バンパー,1,"フロンバンパー脱着"
ガードバンパー,ガードバンパー,バンパー,1,"ガードバンパーボルトワッシャー4枚製作取付"
フェンダー,フェンダー,フェンダー,142,"左右リアフェンダー脱着"
ロアフェンダー,ロアフェンダー,フェンダー,15,"ロアフェンダー取替取付部分修正"
アッパーフェンダー,アッパーフェンダー,フェンダー,10,"アッパーフェンダー脱着"
左リヤフェンダー,左リヤフェンダー,フェンダー,8,"左リヤフェンダー前側付替"
左右フェンダー,左右フェンダー,フェンダー,8,"左右フェンダープレート取付ボルト増し締め点検"
フェンダー交換,フェンダー交換,フェンダー,8,"ロアフェンダー交換"
左アッパーフェンダー,左アッパーフェンダー,フェンダー,7,"左アッパーフェンダー脱着"
右リヤフェンダー,右リヤフェンダー,フェンダー,7,"右リヤフェンダーブラケット取替"
左フェンダー,左フェンダー,フェンダー,6,"左フェンダーブラケット折損部取付加工溶接"
右アッパーフェンダー,右アッパーフェンダー,フェンダー,4,"右アッパーフェンダー脱着"
左右リヤフェンダー,左右リヤフェンダー,フェンダー,4,"左右リヤフェンダー腐食部分錆落とし補修テープ貼替"
右フェンダー,右フェンダー,フェンダー,4,"右フェンダーカバー傷面取り仕上"
左後ろフェンダー,左後ろフェンダー,フェンダー,3,"左後ろフェンダー脱着リベット打ち替え加工3本ボルト２本取替（リベット"
左リアフェンダー,左リアフェンダー,フェンダー,2,"左リアフェンダーブラケット２本曲がり直し取付フェンダー２枚取替"
右前フェンダー,右前フェンダー,フェンダー,2,"右前フェンダー泥除けゴム取替加工"
左ロアフェンダー,左ロアフェンダー,フェンダー,2,"左ロアフェンダー取替"
リヤフェンダー,リヤフェンダー,フェンダー,2,"左フロント･リヤフェンダー脱着泥除けゴム取替2枚"
左前ステンフェンダー,左前ステンフェンダー,フェンダー,2,"左前ステンフェンダー脱着"
左前フェンダー,左前フェンダー,フェンダー,2,"左前フェンダー分解応急曲がり直し取付（8㎜ステンボルト4セット込み）"
フェンダー前側付替,フェンダー前側付替,フェンダー,2,"左リヤフェンダー前側付替"
左フロントフェンダー,左フロントフェンダー,フェンダー,2,"左フロントフェンダーマッドガード取替"
左右リアフェンダー,左右リアフェンダー,フェンダー,1,"左右リアフェンダー脱着"
フェンダーブラケット,フェンダーブラケット,フェンダー,1,"左リアフェンダーブラケット２本曲がり直し取付フェンダー２枚取替"
左中古リヤフェンダー,左中古リヤフェンダー,フェンダー,1,"左中古リヤフェンダー穴掘り取替加工"
右ステンリヤフェンダー,右ステンリヤフェンダー,フェンダー,1,"右ステンリヤフェンダー2枚取替加工"
右ステンフェンダー,右ステンフェンダー,フェンダー,1,"右ステンフェンダー脱着鈑金"
リヤ左右ステンフェンダー,リヤ左右ステンフェンダー,フェンダー,1,"リヤ左右ステンフェンダー2枚脱着ステンボルト3本取替"
左ステンリヤフェンダー,左ステンリヤフェンダー,フェンダー,1,"左ステンリヤフェンダー取替"
フェンダーカット,フェンダーカット,フェンダー,1,"左フェンダーカット"
フェンダースプラッシュゴム,フェンダースプラッシュゴム,フェンダー,1,"アッパーフェンダースプラッシュゴム脱着貼り付け加工"
ボデー前フェンダー,ボデー前フェンダー,フェンダー,1,"ボデー前フェンダー左右入替"
フェンダー左右入替,フェンダー左右入替,フェンダー,1,"ボデー前フェンダー左右入替"
ボデーリヤフェンダー,ボデーリヤフェンダー,フェンダー,1,"ボデーリヤフェンダー3枚脱着鈑金"
トレーラーフェンダー,トレーラーフェンダー,フェンダー,1,"トレーラーフェンダー左右前ブラケット脱着折損修正溶接"
左右前ステンフェンダー,左右前ステンフェンダー,フェンダー,1,"左右前ステンフェンダー脱着スケット2個調整"
フェンダーカバー交換,フェンダーカバー交換,フェンダー,1,"フェンダーカバー交換"
リヤ左右床枠フェンダー,リヤ左右床枠フェンダー,フェンダー,1,"リヤ左右床枠フェンダー4ヶ所腐食溶接修理"
左ステンフェンダー,左ステンフェンダー,フェンダー,1,"左ステンフェンダー研磨仕上げ"
フェンダー研磨仕上げ,フェンダー研磨仕上げ,フェンダー,1,"左ステンフェンダー研磨仕上げ"
右キャブフェンダー,右キャブフェンダー,フェンダー,1,"右キャブフェンダー回り応急鈑金修理"
右ロアフェンダー,右ロアフェンダー,フェンダー,1,"右ロアフェンダー取替"
ブラケット,ブラケット,ブラケット,262,"左ウイング後ろウイングキャッチブラケット折損部補強リブ取付加工"
ブラケット曲がり直し,ブラケット曲がり直し,ブラケット,14,"アウトリガーブラケット曲がり直し"
リヤナンバーブラケット,リヤナンバーブラケット,ブラケット,10,"リヤナンバーブラケット脱着移設加工"
ナンバーブラケット,ナンバーブラケット,ブラケット,8,"ナンバーブラケット修正"
ブラケット交換,ブラケット交換,ブラケット,8,"煽りドア開閉補助装置アームブラケット交換３ヶ所"
左右ステップブラケット,左右ステップブラケット,ブラケット,6,"左右ステップブラケット脱着修正"
ステップブラケット,ステップブラケット,ブラケット,6,"ステップブラケット脱着修正"
工具箱ブラケット,工具箱ブラケット,ブラケット,4,"工具箱ブラケット腐食ステー2本切断製作取替溶接"
タンクブラケット,タンクブラケット,ブラケット,4,"タンクブラケット応急曲がり直し"
ブラケットカバー,ブラケットカバー,ブラケット,4,"ブラケットカバー"
シートブラケット,シートブラケット,ブラケット,3,"シートブラケット増し締め点検"
リフレクターブラケット,リフレクターブラケット,ブラケット,3,"リフレクターブラケット脱着修正"
テールランプブラケット,テールランプブラケット,ブラケット,3,"テールランプブラケット製作"
ブラケット鈑金修理,ブラケット鈑金修理,ブラケット,3,"リヤバンパー左右ブラケット鈑金修理"
センター泥除けゴムブラケット,センター泥除けゴムブラケット,ブラケット,2,"センター泥除けゴムブラケット取外し取替"
右カプラーガイドブラケット,右カプラーガイドブラケット,ブラケット,2,"右カプラーガイドブラケット脱着切断鈑金溶接"
幌骨差込ブラケット,幌骨差込ブラケット,ブラケット,2,"幌骨差込ブラケット折損パイプ取付溶接"
右ライトブラケット,右ライトブラケット,ブラケット,2,"右ライトブラケット取替"
ブラケット取り外し,ブラケット取り外し,ブラケット,2,"左右観音扉コンパネ入れブラケット取り外し"
延長ブラケット,延長ブラケット,ブラケット,2,"延長ブラケット亀裂カット溶接"
バックカメラブラケット,バックカメラブラケット,ブラケット,2,"バックカメラブラケット制作取付加工"
左ステップブラケット,左ステップブラケット,ブラケット,2,"左ステップブラケット脱着応急曲がり直し"
右ステップブラケット,右ステップブラケット,ブラケット,2,"右ステップブラケット脱着修正"
サイドブレーキブラケット,サイドブレーキブラケット,ブラケット,2,"サイドブレーキブラケット亀裂溶接"
カプラースイッチブラケット,カプラースイッチブラケット,ブラケット,2,"カプラースイッチブラケット取付加工"
ブラケット鈑金,ブラケット鈑金,ブラケット,2,"取付ブラケット鈑金"
アウトリガーブラケット,アウトリガーブラケット,ブラケット,1,"アウトリガーブラケット曲がり直し"
左リアフェンダーブラケット,左リアフェンダーブラケット,ブラケット,1,"左リアフェンダーブラケット２本曲がり直し取付フェンダー２枚取替"
ブラケット増し締め点検,ブラケット増し締め点検,ブラケット,1,"シートブラケット増し締め点検"
左フェンダーブラケット,左フェンダーブラケット,ブラケット,1,"左フェンダーブラケット折損部取付加工溶接"
左右ブラケット,左右ブラケット,ブラケット,1,"左右ブラケット修正"
ステンテールランプブラケット,ステンテールランプブラケット,ブラケット,1,"ステンテールランプブラケット応急曲がり直し"
スケット補強ブラケット,スケット補強ブラケット,ブラケット,1,"スケット補強ブラケット4枚脱着"
右工具箱ブラケット,右工具箱ブラケット,ブラケット,1,"右工具箱ブラケットステー腐食部分製作切替溶接1本"
ブラケットボルト取外し,ブラケットボルト取外し,ブラケット,1,"ボデー内レールブラケットボルト取外し"
蝶番ブラケット,蝶番ブラケット,ブラケット,1,"蝶番ブラケット取替加工4本"
左右前補強ブラケット,左右前補強ブラケット,ブラケット,1,"左右前補強ブラケット亀裂溶接"
掛けパイプ差込ステンブラケット,掛けパイプ差込ステンブラケット,ブラケット,1,"リヤシート掛けパイプ差込ステンブラケット２個製作穴掘りボルト止め加工"
ブラケットクッションゴム貼,ブラケットクッションゴム貼,ブラケット,1,"タンクブラケットクッションゴム貼替接着脱着"
右ブラケット,右ブラケット,ブラケット,1,"右ブラケット補強材製作取付溶接"
ブラケット塗装,ブラケット塗装,ブラケット,1,"リフレクターブラケット塗装"
ボデー滑車ブラケット,ボデー滑車ブラケット,ブラケット,1,"ボデー滑車ブラケット左側上下2ヵ所コーナーカット仕上げ"
反射板ブラケット,反射板ブラケット,ブラケット,1,"反射板ブラケット脱着鈑金塗装"
ブラケット取外し,ブラケット取外し,ブラケット,1,"ブラケット取外し"
ステンブラケット,ステンブラケット,ブラケット,1,"ステンブラケット切断鈑金ステン溶接"
ブラケット取付,ブラケット取付,ブラケット,1,"観音扉右側コンパネラックブラケット取付"
前側キャッチブラケット,前側キャッチブラケット,ブラケット,1,"前側キャッチブラケット切断鈑金リブ制作溶接"
後ろキャッチブラケット,後ろキャッチブラケット,ブラケット,1,"後ろキャッチブラケット曲がり直し"
アンダーブラケット,アンダーブラケット,ブラケット,1,"アンダーブラケット脱着"
マーカーブラケット,マーカーブラケット,ブラケット,1,"マーカーブラケット取付加工"
左右サイドラバーブラケット,左右サイドラバーブラケット,ブラケット,1,"左右サイドラバーブラケット脱着"
押えブラケット,押えブラケット,ブラケット,1,"押えブラケット脱着"
ブラケット折損応急修理,ブラケット折損応急修理,ブラケット,1,"リヤナンバーブラケット折損応急修理"
社外品タンクブラケット,社外品タンクブラケット,ブラケット,1,"社外品タンクブラケット2本補強取付"
スプリングブラケット,スプリングブラケット,ブラケット,1,"スプリングブラケット亀裂溶接"
プラットホーム取付ブラケット,プラットホーム取付ブラケット,ブラケット,1,"プラットホーム取付ブラケットボルト折損修理"
テールパイプブラケット,テールパイプブラケット,ブラケット,1,"テールパイプブラケット取替"
ライセンスブラケット,ライセンスブラケット,ブラケット,1,"ライセンスブラケット折損部修正"
煽りドアキャッチ受けブラケット,煽りドアキャッチ受けブラケット,ブラケット,1,"煽りドアキャッチ受けブラケット切断加工調整"
バッテリーブラケット,バッテリーブラケット,ブラケット,1,"バッテリーブラケット建込溶接修理"
スペアタイヤブラケット,スペアタイヤブラケット,ブラケット,1,"スペアタイヤブラケット脱着"
ガイドブラケット,ガイドブラケット,ブラケット,1,"ガイドブラケット脱着鈑金"
左ミラーロアブラケット,左ミラーロアブラケット,ブラケット,1,"左ミラーロアブラケット取り付け部分建て込み修理"
センサー及びブラケット,センサー及びブラケット,ブラケット,1,"センサー及びブラケット脱着"
ブラケット修理,ブラケット修理,ブラケット,1,"架台下段インターロックストッパーブラケット修理"
タイヤ灯ブラケット,タイヤ灯ブラケット,ブラケット,1,"タイヤ灯ブラケット脱着折損補強取付溶接"
コネクターブラケット,コネクターブラケット,ブラケット,1,"コネクターブラケット製作取付"
工具箱分解ブラケット,工具箱分解ブラケット,ブラケット,1,"工具箱分解ブラケット取り付け"
ブラケット取り付け,ブラケット取り付け,ブラケット,1,"工具箱分解ブラケット取り付け"
工具棚ブラケット,工具棚ブラケット,ブラケット,1,"工具棚ブラケット台車設計製作塗装一式"
ホイストブラケット,ホイストブラケット,ブラケット,1,"ホイストブラケット切断脱着溶接"
エアタンクブラケット,エアタンクブラケット,ブラケット,1,"エアタンクブラケット加工"
左フロントステイブラケット,左フロントステイブラケット,ブラケット,1,"左フロントステイブラケット脱着切替加工"
左車高灯ブラケット,左車高灯ブラケット,ブラケット,1,"左車高灯ブラケット取り換え加工"
車高灯左ブラケット,車高灯左ブラケット,ブラケット,1,"車高灯左ブラケット取替加工"
左右ハンガーブラケット,左右ハンガーブラケット,ブラケット,1,"左右ハンガーブラケット腐食4ヶ所曲げ鋼材製作溶接鈑金修理"
観音扉キーブラケット,観音扉キーブラケット,ブラケット,1,"観音扉キーブラケット交換"
オイルタンクブラケット,オイルタンクブラケット,ブラケット,1,"オイルタンクブラケット修正ボルト折れ込み修理"
ローラーブラケット,ローラーブラケット,ブラケット,1,"ローラーブラケット補強取付ステン溶接"
ブラケット補強取付ステン溶,ブラケット補強取付ステン溶,ブラケット,1,"ローラーブラケット補強取付ステン溶接"
取付ブラケット,取付ブラケット,ブラケット,1,"取付ブラケット鈑金"
ブラケット点検増し締め,ブラケット点検増し締め,ブラケット,1,"サスペンションブラケット点検増し締め"
左ブラケット,左ブラケット,ブラケット,1,"左ブラケット修正亀裂溶接"
カプラースイッチ取付ブラケット,カプラースイッチ取付ブラケット,ブラケット,1,"カプラースイッチ取付ブラケット加工"
駐車ブレーキブラケット,駐車ブレーキブラケット,ブラケット,1,"駐車ブレーキブラケット亀裂2ヵ所カット溶接"
プレート,プレート,プレート,62,"スカッフプレート脱着"
スカッフプレート,スカッフプレート,プレート,10,"スカッフプレート脱着"
ナンバープレート,ナンバープレート,プレート,8,"ナンバープレート封印取外し"
右スカッフプレート,右スカッフプレート,プレート,4,"右スカッフプレート脱着ウェザーストリップ修正"
バックプレート,バックプレート,プレート,3,"バックプレート脱着"
センター泥除けプレート,センター泥除けプレート,プレート,3,"センター泥除けプレート脱着切断加工"
左右反射板プレート,左右反射板プレート,プレート,3,"左右反射板プレート制作取付加工"
補強プレート,補強プレート,プレート,2,"補強プレート穴掘り加工取替"
左スカッフプレート,左スカッフプレート,プレート,2,"左スカッフプレート脱着"
アームプレート,アームプレート,プレート,2,"アームプレート取付穴掘りリベット止め加工（10ミリボルト3セット"
プレート交換,プレート交換,プレート,2,"ウィングキャッチプレート交換"
左右泥除けプレート,左右泥除けプレート,プレート,1,"左右泥除けプレート亀裂溶接"
プレート封印取外し,プレート封印取外し,プレート,1,"ナンバープレート封印取外し"
左右ロックプレート,左右ロックプレート,プレート,1,"左右ロックプレートボルト取替"
左右バックプレート,左右バックプレート,プレート,1,"左右バックプレートボルト折れ込み取外し加工12本"
サイドガード足載せプレート,サイドガード足載せプレート,プレート,1,"サイドガード足載せプレート左右鈑金修理"
プレート左右鈑金修理,プレート左右鈑金修理,プレート,1,"サイドガード足載せプレート左右鈑金修理"
左ナンバープレート,左ナンバープレート,プレート,1,"左ナンバープレートステイ修正折損溶接"
レバープレート,レバープレート,プレート,1,"レバープレート製作取付加工"
プレートステイ交換,プレートステイ交換,プレート,1,"ナンバープレートステイ交換"
左泥除けプレート,左泥除けプレート,プレート,1,"左泥除けプレート亀裂溶接"
右泥除けプレート,右泥除けプレート,プレート,1,"右泥除けプレート脱着鈑金溶接"
プレート清掃,プレート清掃,プレート,1,"3軸左右バックプレート清掃"
泥除けプレート,泥除けプレート,プレート,1,"泥除けプレート脱着"
ボルト,ボルト,ボルト,364,"押えボルト折れ込み取替加工２本"
ボルト折れ込み修理,ボルト折れ込み修理,ボルト,34,"エアコネクターボルト折れ込み修理"
折れ込みボルト,折れ込みボルト,ボルト,12,"折れ込みボルト取外し取替加工"
嚙み込みボルト,嚙み込みボルト,ボルト,12,"嚙み込みボルト２本切断取替加工"
ボルト取付,ボルト取付,ボルト,10,"ガゼットボルト取付"
ボルト修理,ボルト修理,ボルト,9,"折れ込みボルト修理"
腐食ボルト,腐食ボルト,ボルト,6,"腐食ボルト折れ込み取外し加工"
ボルト折損修理,ボルト折損修理,ボルト,6,"ウィング蝶番ボルト折損修理"
折損ボルト,折損ボルト,ボルト,5,"折損ボルト取替加工"
前後ナンバーボルト,前後ナンバーボルト,ボルト,4,"前後ナンバーボルト脱着タップ掛け"
ボルト取外し,ボルト取外し,ボルト,4,"オイルパン折れ込みボルト取外し"
ステンボルト,ステンボルト,ボルト,4,"左前フェンダー分解応急曲がり直し取付（8㎜ステンボルト4セット込み）"
リヤナンバーボルト,リヤナンバーボルト,ボルト,3,"リヤナンバーボルト折れ込み取外し取替"
ガゼットボルト,ガゼットボルト,ボルト,3,"ガゼットボルト取付"
ボルト込み,ボルト込み,ボルト,3,"ボルト込み）"
Uボルト,Uボルト,ボルト,3,"Uボルト固定溶接1ヶ所"
取付ボルト,取付ボルト,ボルト,3,"取付ボルト2本切断取替"
ウィング蝶番ボルト,ウィング蝶番ボルト,ボルト,3,"ウィング蝶番ボルト2本取り付け点検"
ボルト嚙み込み修理,ボルト嚙み込み修理,ボルト,3,"踊り場脱着ボルト嚙み込み修理"
押えボルト,押えボルト,ボルト,2,"押えボルト折れ込み取替加工２本"
踊場右枠骨ボルト,踊場右枠骨ボルト,ボルト,2,"踊場右枠骨ボルト折れ込み取外し取替加工"
CIタップボルト,CIタップボルト,ボルト,2,"CIタップボルト"
穴掘りボルト,穴掘りボルト,ボルト,2,"穴掘りボルト２本止め固定加工"
ボルト取り外し,ボルト取り外し,ボルト,2,"焼き付きボルト取り外し"
ボルト止め,ボルト止め,ボルト,2,"荷台内架台修正ボルト止め"
ナンバーボルト,ナンバーボルト,ボルト,2,"ナンバーボルト折れ込み取外し"
ロングボルト,ロングボルト,ボルト,2,"ロングボルト2本取替"
横根太穴掘りボルト,横根太穴掘りボルト,ボルト,2,"横根太穴掘りボルト留め加工"
ブラケットボルト,ブラケットボルト,ボルト,2,"ブラケットボルト折れ込み修理"
固定ボルト,固定ボルト,ボルト,2,"固定ボルト1本取替ブッシュ取付加工"
左右床枠ボルト,左右床枠ボルト,ボルト,2,"左右床枠ボルト折れ込み修理2本"
UDPC取付ボルト,UDPC取付ボルト,ボルト,2,"UDPC取付ボルト折れ込み修理"
ボルト一式,ボルト一式,ボルト,1,"ボルト一式"
左煽りドアー蝶番ボルト,左煽りドアー蝶番ボルト,ボルト,1,"左煽りドアー蝶番ボルト３本取付"
腐食スタッドボルト,腐食スタッドボルト,ボルト,1,"腐食スタッドボルト取外し加工"
泥除けボルト,泥除けボルト,ボルト,1,"泥除けボルト止め式アングル製作取付加工"
スケット固定ボルト,スケット固定ボルト,ボルト,1,"スケット固定ボルト10ミリ穴掘り取替加工２本"
腐食固定ボルト,腐食固定ボルト,ボルト,1,"腐食固定ボルト切断取替加工溶接２本"
左右通しボルト,左右通しボルト,ボルト,1,"左右通しボルト型スケット3個取替"
バス型サイドガードボルト,バス型サイドガードボルト,ボルト,1,"バス型サイドガードボルト取付"
ヶ所ボルト,ヶ所ボルト,ボルト,1,"右ウィングドアー蝶番３ヶ所ボルト取替加工"
焼き付きボルト,焼き付きボルト,ボルト,1,"焼き付きボルト取り外し"
センサーボルト,センサーボルト,ボルト,1,"センサーボルト折れ込み取外し修正"
アクスルボルト,アクスルボルト,ボルト,1,"アクスルボルトスタッド取替"
左踊場ボルト,左踊場ボルト,ボルト,1,"左踊場ボルト取替穴掘り加工"
カプラーボルト,カプラーボルト,ボルト,1,"カプラーボルト点検"
ボルト点検,ボルト点検,ボルト,1,"カプラーボルト点検"
ブッシュボルト,ブッシュボルト,ボルト,1,"ブッシュボルト切断取替"
ハブボルト,ハブボルト,ボルト,1,"ハブボルト折れ込み取外し加工"
シャフトボルト,シャフトボルト,ボルト,1,"シャフトボルト折れ込み取外し加工"
物入れ取付ボルト,物入れ取付ボルト,ボルト,1,"物入れ取付ボルト折れ込み取外し取替加工3本"
クランプ止めボルト,クランプ止めボルト,ボルト,1,"クランプ止めボルト切断取替溶接2本"
ドア蝶番破損部穴掘りボルト,ドア蝶番破損部穴掘りボルト,ボルト,1,"左後ろ煽りドア蝶番破損部穴掘りボルト取替加工4ヶ所(材料込み）"
右前Uボルト,右前Uボルト,ボルト,1,"右前Uボルト脱着折損溶接"
ボルト取付のため,ボルト取付のため,ボルト,1,"ボルト切断取替加工（Uボルト取付のため）"
ボルト嚙み込み点検,ボルト嚙み込み点検,ボルト,1,"折れ込みボルト嚙み込み点検"
左右ボデーボルト,左右ボデーボルト,ボルト,1,"左右ボデーボルトブラケット取替"
ボルト代込み,ボルト代込み,ボルト,1,"テールパイプ取替10㎜ロングボルト取替加工 (ボルト代込み）"
ボルト破損,ボルト破損,ボルト,1,"ボルト破損４本応急取付加工(12㎜ボルトASSY４本込み）"
支柱ボルト,支柱ボルト,ボルト,1,"支柱ボルト2本取替加工"
脱落ボルト,脱落ボルト,ボルト,1,"脱落ボルト取付"
枠骨ボルト,枠骨ボルト,ボルト,1,"枠骨ボルト2本取付加工"
抑え込みボルト,抑え込みボルト,ボルト,1,"抑え込みボルト取替"
右サイドガード前ボルト,右サイドガード前ボルト,ボルト,1,"右サイドガード前ボルト留め加工"
折損部ボルト,折損部ボルト,ボルト,1,"折損部ボルト止め加工"
フレーム側ボルト,フレーム側ボルト,ボルト,1,"フレーム側ボルト折れ込み取外し加工"
蝶番ボルト,蝶番ボルト,ボルト,1,"蝶番ボルト取付加工"
グセンタービーム蝶番ボルト,グセンタービーム蝶番ボルト,ボルト,1,"ウィングセンタービーム蝶番ボルト折損修理"
ウィングクッションボルト,ウィングクッションボルト,ボルト,1,"ウィングクッションボルト止め"
キャッチ受けボルト,キャッチ受けボルト,ボルト,1,"キャッチ受けボルト取替"
ヒンジボルト,ヒンジボルト,ボルト,1,"ヒンジボルト取付加工"
AHIノズルボルト,AHIノズルボルト,ボルト,1,"AHIノズルボルト折れ込み修理"
根角ボルト,根角ボルト,ボルト,1,"根角ボルトASSY8本"
工具箱取付ボルト,工具箱取付ボルト,ボルト,1,"工具箱取付ボルト切断取外し"
ボルト増し締め点検,ボルト増し締め点検,ボルト,1,"左右フェンダープレート取付ボルト増し締め点検"
歩み板取付ボルト,歩み板取付ボルト,ボルト,1,"歩み板取付ボルト折れ込み修理3本"
嚙み込みステンボルト,嚙み込みステンボルト,ボルト,1,"嚙み込みステンボルト切断取替加工6本"
右ドア開き止めボルト,右ドア開き止めボルト,ボルト,1,"右ドア開き止めボルト折れ込み修理"
左前煽りドア蝶番ボルト,左前煽りドア蝶番ボルト,ボルト,1,"左前煽りドア蝶番ボルト取付加工"
アンカーボルト,アンカーボルト,ボルト,1,"アンカーボルト"
右ドアストッパーボルト,右ドアストッパーボルト,ボルト,1,"右ドアストッパーボルト折れ込み修理2本"
左右穴掘りボルト,左右穴掘りボルト,ボルト,1,"左右穴掘りボルト留め加工"
左右ステーボルト,左右ステーボルト,ボルト,1,"左右ステーボルト折れ込み修理"
中央ステーボルト,中央ステーボルト,ボルト,1,"中央ステーボルト折れ込み修理"
左右メンバーボルト,左右メンバーボルト,ボルト,1,"左右メンバーボルト8本切断取替加工"
車幅灯取付ボルト,車幅灯取付ボルト,ボルト,1,"車幅灯取付ボルト折れ込み修理2カ所"
EGR取付ボルト,EGR取付ボルト,ボルト,1,"EGR取付ボルト取り外し"
サイドガードステップボルト,サイドガードステップボルト,ボルト,1,"左バス型サイドガードステップボルト2本取替加工"
踊り場ボルト,踊り場ボルト,ボルト,1,"踊り場ボルト2本折れ込み修理"
左サイドガード取付ボルト,左サイドガード取付ボルト,ボルト,1,"左サイドガード取付ボルト折れ込み修理"
ボルトASSY交換,ボルトASSY交換,ボルト,1,"12㎜ボルトASSY交換"
ボルトASSY取付,ボルトASSY取付,ボルト,1,"10㎜ボルトASSY取付"
左ドアストッパーボルト,左ドアストッパーボルト,ボルト,1,"左ドアストッパーボルト折れ込み修理"
スプリングボルト,スプリングボルト,ボルト,1,"スプリングボルト折損修理"
プラットホーム前枠骨ボルト,プラットホーム前枠骨ボルト,ボルト,1,"プラットホーム前枠骨ボルト2本取替加工"
ボルト取外し修理,ボルト取外し修理,ボルト,1,"腐食ボルト取外し修理"
枠骨異音点検ボルト,枠骨異音点検ボルト,ボルト,1,"枠骨異音点検ボルト取付加工３ヶ所"
ミラー,ミラー,ミラー,122,"アンダーミラー点検応急貼付"
左ミラー,左ミラー,ミラー,33,"左ミラーアーム脱着"
アンダーミラー,アンダーミラー,ミラー,15,"アンダーミラー点検応急貼付"
右ミラー,右ミラー,ミラー,13,"右ミラーアーム脱着"
ミラー交換,ミラー交換,ミラー,10,"左サイドミラー交換"
サイドミラー,サイドミラー,ミラー,9,"サイドミラー脱着付替え"
ミラー付替え,ミラー付替え,ミラー,8,"他ミラー付替え"
左バックミラー,左バックミラー,ミラー,7,"左バックミラーステー脱着応急修正"
サイドアンダーミラー,サイドアンダーミラー,ミラー,6,"サイドアンダーミラー取替"
ミラーアーム交換,ミラーアーム交換,ミラー,6,"左ミラーアーム交換"
左サイドミラー,左サイドミラー,ミラー,5,"左サイドミラー取替"
高速ミラー,高速ミラー,ミラー,3,"高速ミラー取替"
メッキミラー,メッキミラー,ミラー,3,"メッキミラーカバー付替え加工"
右バックミラー,右バックミラー,ミラー,2,"右バックミラー脱着"
ミラーアーム付替,ミラーアーム付替,ミラー,2,"左バックミラーアーム付替"
ミラーアーム付替え,ミラーアーム付替え,ミラー,2,"右ミラーアーム付替え"
ミラー付替,ミラー付替,ミラー,2,"ミラー付替"
ミラー修理,ミラー修理,ミラー,2,"左ミラー修理"
ミラー点検応急貼付,ミラー点検応急貼付,ミラー,1,"アンダーミラー点検応急貼付"
右メッキミラー,右メッキミラー,ミラー,1,"右メッキミラー取替"
他ミラー,他ミラー,ミラー,1,"他ミラー付替え"
ミラー増し締め点検,ミラー増し締め点検,ミラー,1,"左ミラー増し締め点検"
左アンダーミラー,左アンダーミラー,ミラー,1,"左アンダーミラー取替"
ミラーアーム,ミラーアーム,ミラー,1,"左ミラーアーム･左右コーナーパネル脱着"
ミラー一式交換,ミラー一式交換,ミラー,1,"ミラー一式交換"
ミラーロアブラケット取,ミラーロアブラケット取,ミラー,1,"左ミラーロアブラケット取り付け部分建て込み修理"
バックミラー,バックミラー,ミラー,1,"バックミラー脱着修正"
ミラー取り外し,ミラー取り外し,ミラー,1,"高速ミラー取り外し"
ミラー分解修理,ミラー分解修理,ミラー,1,"左ミラー分解修理"
ミラーアーム点検,ミラーアーム点検,ミラー,1,"右ミラーアーム点検"
右ドアミラー,右ドアミラー,ミラー,1,"右ドアミラーアーム脱着ボルト取り替え加工"
ライト,ライト,ライト,59,"左ヘッドライト付替"
左ヘッドライト,左ヘッドライト,ライト,15,"左ヘッドライト付替"
右ヘッドライト,右ヘッドライト,ライト,15,"右ヘッドライト取替"
ヘッドライト,ヘッドライト,ライト,12,"ヘッドライト取替"
右ライト,右ライト,ライト,7,"右ライトベゼル取替"
ライト組替,ライト組替,ライト,7,"右ヘッドライト組替"
ライト交換,ライト交換,ライト,7,"左ヘッドライト交換"
ライト付替,ライト付替,ライト,6,"左ヘッドライト付替"
ライト引出し,ライト引出し,ライト,5,"ヘッドライト引出し"
ステップライト,ステップライト,ライト,3,"ステップライト取替"
左右ヘッドライト,左右ヘッドライト,ライト,3,"左右ヘッドライト取替"
ライトステー鈑金,ライトステー鈑金,ライト,2,"ライトステー鈑金"
ライト鈑金,ライト鈑金,ライト,1,"右ヘッドライト鈑金"
ライト付替え,ライト付替え,ライト,1,"ステップライト付替え"
ライト一式交換,ライト一式交換,ライト,1,"右ライト一式交換"
右サイドガードライト,右サイドガードライト,ライト,1,"右サイドガードライトゲージコーナー製作取付溶接"
ライト修理,ライト修理,ライト,1,"左ヘッドライト修理"
ランプ,ランプ,ランプ,160,"マーカーランプステー切断鈑金取替加工溶接"
フォグランプ,フォグランプ,ランプ,17,"フォグランプカバー取替"
左テールランプ,左テールランプ,ランプ,16,"左テールランプ脱着"
右テールランプ,右テールランプ,ランプ,16,"右テールランプカバー取付"
テールランプ,テールランプ,ランプ,15,"テールランプ穴切断加工"
マーカーランプ,マーカーランプ,ランプ,14,"マーカーランプステー切断鈑金取替加工溶接"
ランプ交換,ランプ交換,ランプ,13,"テールランプ交換"
左フォグランプ,左フォグランプ,ランプ,11,"左フォグランプ取替"
バックランプ,バックランプ,ランプ,11,"バックランプステー製作取替加工"
左右バックランプ,左右バックランプ,ランプ,9,"左右バックランプ付替え"
ランプ組替,ランプ組替,ランプ,7,"右フォグランプ組替"
クランプ,クランプ,ランプ,6,"クランプ取替"
左右テールランプ,左右テールランプ,ランプ,6,"左右テールランプレンズ組替取替"
ランプレンズ交換,ランプレンズ交換,ランプ,6,"右テールランプレンズ交換"
左右フォグランプ,左右フォグランプ,ランプ,4,"左右フォグランプ取替"
ランプ付替え,ランプ付替え,ランプ,4,"左右バックランプ付替え"
右フォグランプ,右フォグランプ,ランプ,4,"右フォグランプ取替"
フラッシャーランプ,フラッシャーランプ,ランプ,4,"エアホース･コネクター･配線･マーカーランプ･フラッシャーランプ脱着"
コーナーランプ,コーナーランプ,ランプ,3,"コーナーランプ脱着"
ランプ付替,ランプ付替,ランプ,3,"左右テールランプ付替"
ランプ引出し,ランプ引出し,ランプ,3,"左フォグランプ引出し"
右コーナーランプ,右コーナーランプ,ランプ,2,"右コーナーランプ脱着加工"
パイプクランプ,パイプクランプ,ランプ,2,"パイプクランプステー脱着"
ランプカバー取付,ランプカバー取付,ランプ,1,"右テールランプカバー取付"
ステンテールランプ,ステンテールランプ,ランプ,1,"ステンテールランプブラケット応急曲がり直し"
ステップランプ,ステップランプ,ランプ,1,"ステップランプ付替え"
右マーカーランプ,右マーカーランプ,ランプ,1,"右マーカーランプステー脱着鈑金"
ホースクランプ,ホースクランプ,ランプ,1,"ホースクランプ脱着"
ルームランプ,ルームランプ,ランプ,1,"ルームランプ脱着"
ランプカバー付替え,ランプカバー付替え,ランプ,1,"フォグランプカバー付替え"
ケーブルクランプ,ケーブルクランプ,ランプ,1,"ケーブルクランプ2個取替"
ランプカバー,ランプカバー,ランプ,1,"左フォグランプカバー"
ランプ取り換え,ランプ取り換え,ランプ,1,"左テールランプ取り換え"
ランプ応急修理,ランプ応急修理,ランプ,1,"左テールランプ応急修理"
ランプASSY交換,ランプASSY交換,ランプ,1,"左テールランプASSY交換"
左後ろテールランプ,左後ろテールランプ,ランプ,1,"左後ろテールランプ防振ゴム３ヶ所取替加工"
ランプ防振ゴム,ランプ防振ゴム,ランプ,1,"左後ろテールランプ防振ゴム３ヶ所取替加工"
ハザードランプ,ハザードランプ,ランプ,1,"ハザードランプレンズ2個交換"
右側テールランプ,右側テールランプ,ランプ,1,"右側テールランプ脱着"
観音扉クランプ,観音扉クランプ,ランプ,1,"観音扉クランプ塗装"
ランプ塗装,ランプ塗装,ランプ,1,"観音扉クランプ塗装"
ランプ取付,ランプ取付,ランプ,1,"テールランプ取付"
左バックランプ,左バックランプ,ランプ,1,"左バックランプステイ製作取替"
右バックランプ,右バックランプ,ランプ,1,"右バックランプステイ脱着鈑金"